{
  "memory_edges": 39,
  "memory_nodes": 29,
  "recall_max_ms": 0.00825,
  "recall_mean_ms": 0.0022760158999999996,
  "search_mean_ms": 0.09183839889999999,
  "template_count": 14
}