{
  "accepted_rate": 0.5380782918149466,
  "accepted_rate_old_and": 0.4,
  "alpha": 3.0,
  "avg_delta_consistency": 0.06968253968253983,
  "avg_delta_cyclic_penalty_raw": -0.0159746933272938,
  "avg_delta_propagation_cost_raw": -0.010988695013568011,
  "beta": 3.0,
  "cases": 120,
  "corr_prop_density": 0.7233115662313617,
  "kappa": 0.8,
  "lambda": 0.6,
  "partial_corr_gap_prop_given_density": 0.3677795628377515,
  "phase": "C'",
  "score_mean": 0.02974741539108774,
  "score_variance": 0.008492235569748268,
  "seed": 42,
  "stability_index": 0.016006438459546142
}