beam,depth_count,u0_eq_u3_ratio,spearman_median,spearman_mean,mad0_o1_ratio,mad0_o2_ratio,avg_rank,avg_unique_distance_ratio,avg_n,avg_u0_levels,avg_u0_over_n,avg_tie_rate,avg_front_thickness
5,50,0.96,0.0,0.0,0.98,0.98,0.12,0.02161658691216569,77.68,1.68,0.03737382928682299,0.962626170713177,0.017245499807433527
8,50,0.96,0.0,0.0,0.98,0.98,0.12,0.020646880816613384,115.78,1.68,0.03146301894442664,0.9685369810555734,0.017245499807433527
12,50,0.96,0.0,0.0,0.98,0.98,0.12,0.020288892814037132,173.9,1.68,0.027643846533460255,0.9723561534665397,0.017245499807433527
